Nachname;Vorname;Nummer
Abee;Nick;086703560-89
Abel;Hubert;015 346 036
Ables;Bill;036-56398-8
Aceves;Yael;0730 6847 03
Acothley;Antonio;036 359 73-49
Afanador;Eddy;04672 681-3180
Agnello;Margo;04067-7881 29
Akerman;Katia;053917470 78 78
Alavi;Ella;02168560 68
Albany;Herbert;09862 39875-29
Allender;Eusebio;038422927
Allery;Wally;09348 57-70 43
Alpern;Genevieve;0913607-52 4
Alvernaz;Cherry;04953615 57-59
Alvey;Jude;096582241-8372
Ambers;Shalon;0840-105 58 13
Ancheta;Regina;08106068-20-63
Andersson;Erin;06539 3274-96
Angry;Briana;04893-326-429
Anselmi;Amber;001323086-87
Antoine;Vince;0527-097-6265
Anzaldo;Simona;0810 817-75-63
Apicella;Gonzalo;01684-391-477
Applegate;Marylin;09412 572 92-58
Arcano;Clotilde;0243-20-31-8
Ardinger;Judy;029830-38468 92
Arevalos;Ben;006 246 98-58
Armintrout;Denis;080769-429-19-16
Astacio;January;0395-10 9561
Asuncion;Claretta;070-597-7-64
Atterson;Jame;026-265 81 21
Audain;Vonnie;09805767 09
Avallone;Brandon;06095721 74
Avans;Gayle;029-326 90-62
Babauta;Kelsi;00149 0745790
Babula;Annmarie;0245268-38 02
Baddley;Elvin;0740516903 17
Bagaoisan;Tiera;030592-926-9-71
Baley;Charlette;03092-3520 17
Balius;Cyrus;0089-57289-0
Balog;Solomon;06027-640 91 70
Bandle;Tracy;0596 4287169
Baquet;Gerard;0094285686
Barba;Charlyn;096-6244340
Barela;Columbus;05269406-0-84
Barge;Evelina;0972 160 20 2
Barras;Latashia;018900763991
Batson;Cheri;06243158218-21
Batten;Toni;0863-215-2368
Battle;Malik;086 7452652
Baucom;Rosann;07-19 94-05
Bayer;Spring;0796-859-58-56
Beals;Willie;073-143 78 34
Bear;Diego;001-942-0543
Beatie;Bari;0932 6563-7
Beatrice;Ervin;02968 09675 68
Beauchemin;Isaac;03506038-52-3
Behan;Jen;08279306 87-7
Bemrose;Murray;02963-958 79 72
Benejan;Camilla;032138 93 76
Benham;Tracey;05432-601919
Bentley;Andrew;078 410 75 63
Benusa;Karl;05492-80 16-05
Berenbaum;Shera;0325 53 35 9
Bergmeier;Rosario;09815 81-1278
Berthiaume;Heide;0429-54721-68
Bertling;Dorsey;02056207 451
Bethard;Warner;0531026 92
Bethell;Francina;004 5099-39
Bettle;Elois;047251635 6 0
Biafore;Rusty;021069 46 5834
Bierbower;Ivey;075951 1315
Biermann;Sasha;0059 96-43-27
Bigalk;Lucila;034 281-6775
Bing;Ulrike;06082-4252690
Bizub;Matt;029743-1340
Blacklock;King;045712-14-56
Blagman;Anneliese;0859-53 2-59
Blanck;Ervin;015 371-61 80
Blanco;Colby;07092-19286 71
Blattner;Dusty;09728-584 65 02
Bleier;Mac;090869 95 19
Bloch;Florrie;0059879 4085
Bloodgood;Lamont;009-71 5-42
Blount;Harvey;025045917-21
Blumhardt;Leisha;0945 95 9607
Bobseine;Allen;0923714-08-01
Boerboom;Lisbeth;0012 260-24 39
Bogue;Antionette;0163-452 69 6
Bohn;Elidia;0514-425 20-87
Boike;Burl;03019-5480-96
Bolen;Charley;06824932-75 40
Bolte;Hong;0190878419-03
Booker;Anneliese;017-802-62 56
Boord;Cruz;01398-39038-32
Borchelt;Arthur;030568-30-8
Borgman;Donald;0643 19 4761
Botkin;Suzan;04607 07-4
Bottom;Lawrence;010052-85-92
Bou;Shasta;06701-087 2 28
Boudrie;Latanya;024485 9 36
Bowan;Hong;08566248-86
Bozenski;Jessie;02457-831-12-60
Bradac;Iola;04980-01-10
Brakhage;Gay;04391 1883 65
Bramlet;Susannah;014-513 91-53
Bramsen;Desirae;0781629270893
Branz;Valencia;08120 26-6
Brasel;Rosio;079 36 4172
Breedon;Keith;08210-214 20 64
Brendal;Verna;005728 30-91
Brezinski;Shad;0728008081
Bridger;Alfredia;0836-954-65 64
Bridger;Moshe;03-307-52 72
Briere;Bethany;00734 614 42 03
Brinks;Evon;0239-29132 54
Brinsfield;Latonya;04397 95140 2
Broder;Santos;0764267-6 68
Brogan;Omer;04360779 6
Brotherson;Dottie;00642712-02
Broxterman;Shenita;0796-92 7309
Bruington;Zandra;05932720 49
Brummel;Marilu;07-74 90 29
Brunnett;Jaime;049156-28-79
Bryand;Oralee;05839 013-07
Brzoska;Darnell;058215 28 60
Buffington;Joeann;05951217 26
Bungo;Sam;0934982-46 19
Buran;Summer;037-438-7807
Burandt;Marcell;0435-012 25-90
Burbach;Jacquie;0326-58-09 0
Burgess;Arline;009-2839169
Burk;Song;074 836 3440
Burkley;Liza;036528-683 59-43
Burmeister;Felisa;0702-0676 82
Burrall;Zola;05729 586-15-86
Caamano;Iva;03801 51-542
Caamano;Zenobia;041612 7-3
Cabble;Casey;004617-231 26-31
Cabrara;Cassondra;01530071383
Cadwell;Kristofer;026 439 25 29
Cake;Hien;053718-67936-7
Calderone;Santiago;030128-4-27
Calwell;Tamera;07535040 68
Cambell;Tracie;02890 38 2836
Camburn;Laverna;006231-1631346
Camilleri;Jeremy;0648-3923239
Campillo;Oda;05 02 8-89
Canes;Joan;089-237-59-67
Cantley;Elene;058270-73580-90
Capella;Ocie;056 9275 60
Capouch;Marlen;07352154035 37
Capron;Elfreda;02091941 2138
Cardonia;Wilbert;0543615 01 62
Carlee;Napoleon;0058-617-17-37
Carmichael;Marchelle;016293-890 29 31
Carranzo;Lilia;07108 795 87 23
Carrecter;Herman;03180926 54-43
Carte;Victor;07-0831-39
Casal;Rodolfo;009-914 2037
Casparian;Shantae;020935462942
Catoe;Ronald;02106 2588007
Catrone;Cyril;0157 9178775
Cauley;Meg;0802 374 27 78
Cellucci;Brenda;087 170 5270
Cercy;Refugio;002 607-646
Cerutti;Antione;08749-47 579
Cheater;Mindy;028 613047
Chenette;Charlie;0187401-65-3
Chesser;Adolph;09745-819-3 9
Chester;Jordan;046694-1563
Christen;Lane;08520 196 753
Christescu;Latrice;049-32-143
Ciccarello;Micaela;0275508-75 2
Cihon;Cris;051859614
Cinadr;Jaime;059-84-24 1
Clagett;Caleb;05819 369 4-58
Clardy;Marybelle;00564-391-16 64
Clarno;Jesus;02115 0-04
Cleckler;Emogene;03861 483 95 86
Coad;Anne;01405 907-89-96
Cogdell;Ellan;0347072-945
Colafrancesco;Manie;042955475
Colapinto;Tonie;098-067 18-50
Colfer;Alvaro;047535660 48
Colinger;Henry;02947 564109
Colson;Merle;05267-658-8 07
Como;Russ;01372 712-27 10
Compono;Estell;05291 410 52 85
Conery;Britt;0273-5203 98
Conlan;Gilda;00-43 85 16
Connally;Neville;01386874-6
Conver;Derick;026 60226-1
Coppolino;Billie;050391 71-1973
Cord;Jc;00712-74558 6
Cornman;Alec;04963-297 2 3
Cosgray;Vernice;056043240
Cossio;Lakita;00976-417 85 4
Cotty;Warner;046981-187387
Coty;Valentin;02784-28 143
Coultrap;Alycia;0208 1048
Covey;Alphonso;07235422-1
Cowdrey;Elvis;051230-80 39
Cozby;Verna;0271-815-4719
Crazier;Marylyn;007-47395 28
Creasy;Aubrey;007562 7915 85
Creten;Lonnie;0317-573-2662
Crick;Percy;0689-527-01-38
Crise;Judson;026 084 142
Croasmun;Veronika;06479-814 4908
Crookshanks;Shawn;051745621-31
Crosswell;Augustine;0305 20439-38
Culcasi;Julietta;0805-514595
Cumins;Kirby;007138954-97-94
Cunning;Agnes;042 940 73-28
Cwiek;Ward;056770-43 28
Dacunha;Buck;043 46 3 9
Danehy;Jay;090 465 1623
Daniello;Deedee;017352 82301-17
Danoff;Dennis;037403-19 56
Daum;Stephine;06831402897-92
Davino;Cordell;0489 4902 28
Dayley;Selina;0368-214 8796
Dealba;Luana;02765-364 524
Deatley;Lorriane;027-9436-92
Debiasio;Isa;089869-67-34
Defilippo;Hershel;04671037-0180
Delcolle;Breanne;007320564-86
Deman;Dee;09702 9286-69
Demichiel;Ernesto;02769165 9272
Demiel;Shakita;089-84041-20
Dentler;Walter;03018203-0357
Dentremont;Earnest;0918 72 3 15
Desir;Clora;002929642 58
Deslandes;Amie;0572651-60 21
Desper;Penny;0791 02-671
Dess;Joanna;07935 761-5632
Develbiss;Nicky;06743270-096
Devendorf;Annamarie;068-631-47
Dexter;Truman;00264046 6301
Dhillon;Kirby;089 52 15 3
Dierking;Toccara;097 97-1287
Dieteman;Pedro;085430 24546 61
Dignan;Chester;010784-50 5-0
Dimatteo;Audrey;045673 021-13-43
Dine;Carlos;0135196 10-71
Dinnocenzo;Jimmy;070332116 09
Dinwoodie;Adolph;04519361 9359
Dionisio;Minh;0475349 24 27
Diprima;Rachal;0801326-0567
Dishner;Rod;0170-51090
Distler;Jeffrey;09310263-34
Dittrich;Demarcus;048-0795635
Diviney;Tommie;098357 184
Donate;Carolee;006 328-19 97
Donoghue;Ignacio;0347-143 13 70
Doolin;Olin;0168 732-52-03
Doonan;Wilfredo;01051-18-58
Dorado;Clementine;07689 47-86 04
Dorchy;Katelynn;0079 376447
Dowlen;Johnson;04860-9680
Draeger;Marleen;085-245-9893
Drew;Rima;068 951 175
Driggars;Ezequiel;0899405 57
Dumay;Garret;09724 857-6531
Dunlow;Vilma;091678-409-71 9
Dunmore;Etha;016 36 37-13
Dunwoody;Johnsie;0486-158 57 6
Durrani;Alvin;0638-263-62-3
Ebadi;Dot;0972502206
Eberwein;Signe;0081-182 2460
Edgecomb;Cornelius;0759083-92 8
Edgett;Derrick;08326-62 79
Ehlers;Gail;040912 807-56-26
Ehmann;Anjanette;07623 37-5 6
Eidem;Christoper;067342 31646-05
Eisenstadt;Wilbur;0931-13-1-94
Eisinger;Florentino;089526478619
Ellenbecker;Julian;0632182 54-32
Ellenburg;Pat;0501-8399572
Ellerd;Spring;08579-123 982
Elrod;Estella;02780-061-94-43
Elwer;Eloy;032 816 1 30
Elwick;Olen;025793535-82
Embleton;Edda;06275 715 07 0
Emerich;Oneida;0638-5408506
Emge;Leslee;0584 081 8 49
Emlay;Lura;027-178 34 34
Engelbrecht;Filiberto;02389 2783 81
Engelhaupt;Ricky;027-793672
Englade;Mariano;031896028 07 9
Erdman;Rueben;047359 135643
Ermatinger;Kenna;0568380 36-83
Escovedo;Denese;065 709-86
Esperanza;Art;095438918516
Espinola;Dewitt;05378 450-398
Esterly;Yoko;010 104-76 42
Eveland;Miguel;032-2659094
Evilsizer;Deetta;08932421-54-5
Eytchison;Nelda;0170 1414-62
Ezparza;Houston;08073-29 0832
Ezzell;Kraig;081907453 96-3
Faggins;Renna;01428-7233670
Fahrney;Rod;010-452 12 64
Falks;Maynard;0968 96381 09
Fall;Edmundo;0725-041564
Fallin;Billy;01796-879-71-70
Falwell;Jarrod;0392542-18-79
Feary;Iva;0986-2764590
Fechner;Damion;03471 50 31-25
Feeley;Bruno;062375-068-52 89
Feinstein;Fredrick;064 89 60 91
Fetters;Soraya;017 8463257
Fickas;Latricia;049356 527-27-69
Flath;Athena;06293 6035191
Florian;Luke;070 298 643
Floris;Aurore;014 985428
Flory;Iola;02673 57-87
Floto;Tempie;042032-34-1
Fogelman;Augustine;063-73970-62
Fontana;Vera;046032-512-52 25
Forquer;Alejandro;04 079-50 17
Franckowiak;Garrett;08745 41 069
Frantz;Mandi;087783-7349
Fricke;Shoshana;01690260-90-63
Fringer;Jestine;0830-26-94-18
Frumkin;Catrina;049-345 1 1
Fujimoto;Gene;013 02690 23
Fujioka;Demetrius;06182 056-2680
Fullam;Brittny;062 301987
Furbee;Dexter;03609 029 6 3
Gabardi;Michaele;02068879-85 8
Gabrielli;Stan;0972 650-4201
Gabrielson;Emilio;004-354 246
Gadberry;Janelle;030947-48235 46
Galamay;Arnoldo;0093486 71-1
Gampp;Desmond;09356 826 300
Garbett;Pasty;07049 16 41
Gardocki;Daron;0351 560-753
Gartland;Mi;09234-6098387
Gately;Lowell;09452-82783
Gave;Harold;071346 8-01
Gehlhausen;Kimberly;0246 2629-21
Geiss;Orpha;02380875348
Genett;Jaime;049-456 8378
Genther;Marhta;0830294174 0
Gerry;Alan;06354-53491-1
Gerula;Bennett;0421421291
Getter;Ling;06428-490 1867
Gildow;Norah;0246-24-2-17
Gilpatric;Lashay;051637 40696-64
Gironda;Candida;0382-82631 2
Glende;Judie;0692-974378
Glisan;Minh;042-39246 3
Glosser;Madalene;05820-709 4367
Goede;Wallace;014075-851-936
Goepfert;Bruna;051974673 02
Goin;Omega;048 257 419
Gompert;Will;00785-081 8502
Gonsales;Ty;0604 310-87 4
Gonzelez;Whitney;036-931-8521
Goodly;Stephania;0356 82 37-84
Graden;Benny;05263 82461-31
Gradert;Dorethea;09743-1012
Grames;Rolf;092-0707 67
Greger;Marcelino;03 138 6214
Grilli;Jordon;0650370-4832
Grisanti;Bess;08279 6834717
Griswould;Cher;026-67-976
Gritman;Kareen;027380-082 59-30
Gruenwald;Jutta;09865 384-072
Gubler;Shawnda;0531567096
Gudino;Christopher;067-372 3987
Guest;Terence;0751-70-7 19
Guinane;Vince;0873 1848 2
Gurner;Darwin;056281-6421062
Guyton;Alma;05739-862-26 61
Gwynn;Roselee;025368 084-985
Hackbarth;Jarvis;047592-209-08 91
Haddock;Sharlene;0953 4816-86
Hagele;Clifton;0326924613 12
Hahs;Joel;063-2633569
Halbrook;Frankie;04621 097-24-19
Halferty;Erwin;0742-509 53 41
Halsey;Rolland;093 284 1 45
Hamzik;Heidy;086502 39-53
Hansbrough;Jeffery;024 613-28 89
Hanserd;Ted;05412-605-979
Harshfield;Rochelle;049-2938-05
Hartig;Carrol;0274-64-369
Havermale;Shawanna;035108-308-06 69
Hayduk;Yevette;016069-9854
Hayzlett;Lamonica;07869-92-5 97
Headings;Dewayne;06239261308
Heckert;Darron;04761-909025
Hegan;Ernie;027 249-84-12
Heikes;Laurice;05063-4730825
Heikkila;Ross;048026 473-5-45
Heinemeyer;Mai;091 840 84
Helble;Adena;02933816104
Helper;Walton;029108-826 817
Hemond;Jacqulyn;080-786-40-72
Hemple;Bridgett;074019 450 26 21
Hepa;Lamont;0041 6029-98
Hermosilla;Lorine;07084749 53
Hernandaz;Renay;05907-086-38-86
Herzig;Deloris;0452-490-29 58
Hesley;Martine;05764 0295
Higgin;Alina;03-685 76-1
Higgin;Leeanne;025541 06-6
Hilgefort;Alma;080246 506-81-12
Hillan;Derrick;03159 059-46-56
Hillburg;Romaine;0037853-91
Hillie;Hunter;0410768721
Hilse;Kendrick;0817-549-943
Hink;Vincenzo;00143 8507 1
Hinojos;Virgil;0043294546
Hirsbrunner;Rubin;040857-497-20 51
Hittson;Colby;079160-231 5236
Hochman;Ashanti;06139 16 663
Hoeck;Librada;00378-062 10 03
Hoffmeyer;Val;001-859-07-84
Hogle;Gita;035 54-61 07
Hoguet;Colin;0913-65398 73
Hoit;Jenna;058-3681 40
Holberg;Evan;006 40119-82
Holford;Velma;00927-39137 76
Holladay;Hubert;0408-703-23 42
Holstrom;Mario;0634147 98 35
Hopton;Tyrone;00718 04608-5
Horsely;Usha;039-70-40 60
Houskeeper;Renda;0293-06 1
Hoyer;Krysten;0681206206-5
Hsi;Beula;096-043-82 9
Hudgens;Gale;0648-038 4038
Hugley;Junior;085012 247150
Hunstiger;Cristina;0092-864-06 17
Hutchinson;Nigel;0138-59-991
Hyden;Jerlene;031765 738-71-56
Iliff;Akiko;09284-178 79-72
Inoue;Nancee;07861603 61-97
Irmeger;Colette;061 832 07-35
Jagielski;Dudley;0026-365 67-39
Jankoski;Bill;0310 569 9558
Jarmon;Clemmie;05928-468 6427
Jebbett;Markus;0834 561 45-5
Jerido;Nikole;00412-943-02-64
Jeske;Lyman;04046386-93
Jobin;Dani;028191 41-18
Jochum;Garland;096275-195-3220
Joeckel;Lyle;05092092-89
Jorden;Elias;07258 0747 3
Josephs;Mary;078162-79-1-19
Josey;Richie;014-351 6-28
Judon;Shaneka;0602638 65
Jungbluth;Marita;0593-65 94-49
Jungck;Ian;0254-92157
Juran;Wilson;01875-37-9568
Jurkowski;Donnie;00842-29-37-24
Kaelin;Corrie;020 4915824
Kahahane;Clarisa;021047-32189-98
Kaing;Harold;056046 63-02
Kall;Neville;08014-38480-80
Kalloch;Lavern;070 367754
Kamaunu;Rufus;0495-389-0582
Kamel;Carrie;0850 782-32-94
Kann;Catalina;090-687 86 05
Karins;Ernie;04238 147-9091
Kascak;Norbert;0431 153-93-05
Keedah;Darrick;0415-03 35-73
Keene;Desmond;018-70 158
Keenum;Coral;023178 457
Kehn;Marybelle;056391461734
Kelleher;Stacia;001969147523
Kempen;Krystin;07609468-96
Keniston;Long;0426-496-54 02
Kenwood;Georgiana;034-235 7584
Keough;Elda;043832706-15
Khan;Shaniqua;09376715-52 9
Khanna;Jeannine;06759 408-48-01
Kiflezghie;Jolie;021-617-69-72
Kilgore;Buford;08972491-1-03
Killette;Celeste;02413-724 32 83
Kilmon;Renate;049 703-626
Kimberl;Morris;071 270 56-7
Kindig;Julian;069 84-50-7
Kingsley;Lance;0138 23549 58
Kitchell;Gema;0926 3401060
Klarr;Jacquelin;0749 849 618
Klish;Reinaldo;09023-50 05
Knopp;Patty;031452 4905
Knoth;Ronny;08302 032-61-50
Kofman;Rufus;069580 728-6770
Kohn;Jonelle;05142-36 10-2
Kohr;Roland;0527-294-4371
Kolek;Alberto;04368248 18
Kosanke;Jade;0905927-4157
Kostohryz;Sunshine;08120392174 60
Kroner;Glory;0324201 38 41
Kuakini;Gregg;02745 789029
Kubas;Edwina;09657 251-563
Kudrick;Chong;021-742 25 59
Kueny;Shanon;071 20 30 2
Kulp;Vinnie;036-21-91-4
Labor;Ariana;091704-31-9832
Lafortune;Nancie;0523178 09-29
Lafoy;Jared;00768 27-853
Laframboise;Natalie;072134 71089-12
Lambdin;Russel;0213-578457
Lamonda;Jeanine;062359 309-26-47
Langholz;Delbert;045218-97489-3
Langlo;Enrique;03548-94 76-86
Langmaid;Holley;0023-247-2026
Larger;Reva;0262-2875
Larue;Isaac;0867510617182
Lashbrook;Donnette;0514 806
Lasky;Bryce;08179-7 7
Lastiri;Antione;0037 9804 96
Lauricella;Micheline;01245 49 58-92
Lauritsen;Gerardo;0576582-9 40
Lauth;Randell;0410-271-01-89
Lavallie;Augustus;09-715-93-76
Lavender;Micah;0186 168 2 94
Lazor;Ria;0547 134-7318
Leftridge;Caleb;023645-018 180
Legleiter;Jerrell;04009757-45
Leishman;Geraldo;045978-41075 95
Lenig;Vena;0394 453 71 85
Lenzo;Stewart;06251 96-5-75
Leonardis;Tena;082814-368
Letterman;Miss;071 27542 04
Leuck;Heidy;09 582-4578
Levels;Griselda;03045-193 97-61
Leverson;Donnie;096 179 34-10
Leyson;Kirby;06287 485 34 84
Lima;Allan;0132-086-1-62
Lineberry;Rene;0586915027 96
Lingg;Kam;034908 087 27-18
Linscomb;Fran;068-094-8661
Livingston;Moshe;073298-248-67-39
Loan;Shantel;029-017166
Lobato;Hung;04317240-5630
Lobner;Damaris;03506-826 5-3
Logalbo;Janice;082437226-41
Lones;Manual;038721-34-242
Longfellow;Ollie;043295840
Longiotti;Wilson;0583947 36-17
Longstaff;Carmelia;01480274-8684
Lonsdale;Dee;0016970-5292
Lorensen;Dahlia;0326 92 3042
Lotta;Alan;034129552 56
Lourens;Diedra;0507 27548-82
Lovecchio;Erwin;030-307-038
Loveday;Donn;05139 634 3 95
Lowek;Catherine;07829-042-1-80
Luby;Vernia;01936949-13
Ludden;Marquis;00927 37820 95
Lutao;Romeo;051-95 58 3
Luxmore;John;0973-340-7648
Lynds;Candance;03928 0419690
Macko;Lincoln;0925-07 35 37
Magelssen;Alonso;073503 198
Maggs;Josiah;007345 491-57 29
Mainard;Danilo;085 135-6702
Mais;Libbie;0746340-28-58
Maisonet;Veronika;040 645 07 28
Maize;Natashia;00931979-68
Makey;Neal;0238-478-4 73
Mallek;Candi;0156-04551 69
Maloy;Easter;028 815 94 13
Mancell;Sherry;062175-94631-03
Mandrell;Holley;042360 05232 14
Manetta;Jed;061840935 4-68
Manfredonia;Dakota;065 416 32-9
Mangicavallo;Deon;036824023 01
Mangrich;Cole;0904754-64-34
Manhardt;Glen;03167 29-64-98
Mapes;Odell;015 0236834
Martinis;Jettie;036849-7549705
Marzinske;Latoyia;0021 2591291
Maslanka;Antonia;00594-83-34 93
Mayse;Lloyd;08294329562 82
Mccarry;Tisha;090073-63-42
Mcclaskey;Edmund;0624059 4902
Mccoun;Celesta;02635 46110 95
Mccravy;Trenton;03109 35995-94
Mccrossen;Jeffrey;042412316
Mcgurl;Casie;06548 32102-19
Mckellan;Ashley;090 8468-1
Mckendry;Lillian;025724 20 19
Mckenize;Homer;0069 140 17 1
Mckernan;Rosaura;087756-86-41
Mckim;Fran;038459-704-43-46
Mckiney;Fleta;046-30-01-80
Mclane;Jacquline;00285-862-54-16
Mcmannus;Michael;0273 03 0415
Mcquillan;Leandra;014057826 52 96
Mcumber;Lucinda;0762895-509
Mcwherter;Kari;038160-975-2682
Medel;Charlie;01-476 20 60
Mees;Nilda;019 4826 02
Meiners;Jarrod;06938-269181
Mellett;Nathaniel;09231-568-9192
Mendell;Cherrie;014986 402-0762
Mentnech;Barrett;06235 47-93 95
Merlini;Lyle;0419 792-0828
Merthie;Rosalina;035490 054 8442
Mess;Deann;0658-795165
Mestad;Al;046-10 8587
Mews;Luella;072943 82 8
Micco;Maximo;06243-39 32 98
Michaux;Chae;04198 09460-71
Mielsch;America;01545733898
Milera;Dwain;0208-23-19
Millage;Jennette;09 095-92-54
Millhouse;Anjanette;04775627-03
Millsap;Kraig;0647-94-36-43
Milot;Sheryll;00-569 0 5
Minarik;Jeni;06-746-64 80
Minasian;Tomi;0049 6316259
Mires;Frankie;0351 17-40 41
Mitchener;Lyle;0579-489-986
Mocco;Andy;0890727821457
Mohler;Terence;04518 735 25-2
Mondy;Leon;04265 804-06-60
Monsegur;King;048650-37-53
Montoro;Keneth;03250-6259608
Moorehouse;Terrence;0051784-62 68
Mou;Lou;0682 037-191
Moulden;Sheldon;045 54178-56
Mundt;Rosalind;01640 281-4 26
Munez;Jarvis;093208-2136979
Mussel;Mirian;0178-735 15 37
Mynhier;Isaiah;00263-382-86-75
Nagorski;Kaylee;0519-7207-65
Napier;Patti;0908-246 23 6
Nass;Armando;09612 03 2395
Naud;Garland;05467-845-1562
Neel;Birgit;03418-8419 76
Neidlinger;Chanell;01596 197 34-92
Netherland;Kandis;006978 15 1821
Newbury;Grover;031951 951
Newland;Daniell;0048-318 7847
Niemi;Joelle;09-759-98 63
Nin;Lacy;09502570 5 3
Nohel;Dayle;083-784302
Nooney;Reid;0361-285-43-4
Norlander;Bari;029817 5092
Norstrom;Hanh;037812-572 0-03
Nottingham;Raymond;05710751721
Nowicki;Alanna;041-4122-48
Nyman;Yoshie;0837-075-3183
Oglesbee;Marc;06982-918-0184
Ohland;Mack;080 34 623
Ohlsen;Sung;070 30 52-93
Ollig;Wesley;0013241 0 08
Olofson;Renna;072540074 5076
Orantes;Lincoln;01276645-83 91
Orme;Johanne;070698287-3-34
Ortuno;Chantell;06923134-1-81
Ososkie;Dennise;05601 69567-74
Ostler;Tora;0049026-67-14
Otsuka;Sonia;004 20903 95
Otterbein;Silas;0691392674
Overmeyer;Ligia;08791 8686 73
Overpeck;Raymond;03685671097
Ozment;Sherlene;0528 95-36-91
Pagliuca;Graham;06743 561 73 64
Paik;Jerrod;07094 96243-39
Parcel;Raquel;06348 04-34 32
Paredes;Sharmaine;04091 213-59 3
Parrow;Hannelore;0026890-78
Patillo;Magdalen;0935069312
Patino;Richie;0540 387 7959
Pavlock;Vaughn;07326 93487-60
Pawelek;Melania;0154 573-818
Pawlik;Filiberto;0407 501-9084
Pencek;Chandra;050 2071-59
Penkins;Onita;08940 35-583
Penninger;Jan;02-603-5268
Pennino;Benedict;06971-03521-84
Pera;Francesco;076019 168 24-53
Peragine;Bryanna;0351 29472-75
Perfecto;Moshe;02510-62-794
Perigo;Lance;076-76-4790
Perko;Vicente;042 542 89 21
Perloff;Hannah;089721 796 492
Perrien;Sophie;0792073643-79
Pery;Chang;00135 4057 24
Petrone;Dung;052-79-57-7
Pettaway;Lavada;090581-23-79
Pineau;Rachal;0127206-24-59
Pioli;Ahmad;08401436-1
Pittsley;Edwardo;00346183241
Plageman;Marcie;06234 56572
Plattsmier;Samual;059-175 871
Poblete;Rocio;067-4027156
Pocock;Kasey;0926-37674 04
Pointon;Marvin;054 769-68 63
Polaco;Bruno;0728 45630-31
Porteous;Isaiah;021784 49 1756
Poulton;Donita;0541567050
Powanda;Mark;036892 783 73 5
Prator;Shelby;0174-1599
Prillaman;Bertram;00756-1232-09
Probert;Roberta;07413846 81-45
Prock;Claude;052 372 565
Prowell;Octavia;0246 20 10 84
Pullom;Marna;009842517 8 1
Queja;Soila;047-8091037
Quinney;Jake;01082 7831669
Quiros;Collin;0976138-0970
Rackett;Anastacia;069 98520-21
Rackley;Lonnie;02539-384-67 9
Radde;Jewell;080-435-64-96
Rager;Ariana;06-894 382
Rakes;Rosia;0593 5889 23
Rall;Chere;01473-2032 91
Ralph;Mac;07631-9732-1
Ramiro;Dick;069728 4-6
Ramkissoon;Marylouise;0792-70-38-17
Rances;Larisa;062546 3629
Randel;Leandro;03699141 24
Ransom;Kenyetta;01673-1359 93
Rao;Elinor;01238 74 84-65
Rassel;Dorothea;093032 10-48
Rathgeb;Genny;03980515-6569
Raybourn;Glen;040720417 13
Rayno;Kate;0670 74 1-81
Rea;Rory;0759-435 5-52
Ream;Karly;061854 0462487
Rebello;Layla;035 814-74 06
Redder;Josh;0235 614638
Redenbaugh;Lenny;034203 398
Redrick;Clinton;005-867-73-85
Reigner;Alva;021-245 052
Reindel;Letisha;013 04679-69
Remsen;Danita;014 031-7848
Rendleman;Santiago;0032 128-62 86
Reneau;Samatha;019539523-90
Repke;Robin;0704708286
Reveal;Claudio;09-497 1045
Reveal;Jan;073845 7 61
Richner;Riva;070336 25-02
Rickards;Carrie;08204675-32
Rickmon;Ernest;0425172 8480
Ridenhour;Hassan;002-7227 3
Rigaud;Leigh;064103 5145
Riniker;Chauncey;0638 25-6967
Riska;Claudie;098-367 82 27
Rissler;Lissa;009769-45-0
Robillard;Juanita;06312 967427
Robinson;Marty;0596-14 16 24
Robnett;Mickey;056042-1 54
Rodeheaver;Cortez;0297625-9 65
Rodrguez;Creola;074589 93-3
Roehm;Domingo;02406-379 5038
Roelfs;Debora;001237 702-7 62
Rola;Maricruz;065-98787 74
Rolla;Zane;01435-812-5169
Rolle;Christia;043671 1469
Romaniello;Simon;0716 63-25-02
Rombach;John;06091-413144
Rosenstein;Octavio;06-21-4-36
Rosero;Zelma;02406 925-52 79
Roso;Dion;0183 589612
Roten;Shannon;005753-12 1
Rougeot;Jonathon;0832843 25 07
Roughton;Diedra;089284-0764
Rouleau;Khadijah;08596 470 6781
Roussell;Lorita;009236 15603 98
Rowlands;Humberto;072 723541
Rozanski;Dustin;042958921243
Ruano;Desmond;0845926-37 39
Rubner;Rene;006-42958-57
Ruch;Dorsey;0914-817-07 62
Ruther;Melodee;082845-19 19
Rydell;Ward;03274 29 74 3
Saathoff;Joette;0636281
Saggio;Evia;08976935 90 65
Salaam;Mirtha;02437 0642550
Salge;Ji;027264-612
Sane;Wei;09728 352-79 15
Sangalli;Ignacio;07650-3101652
Sannicolas;Doyle;0763216-90 78
Sanon;Marylynn;056474641
Santorella;Dick;026804387-78
Sasse;Jed;004 96 81-6
Satterthwaite;Kirsten;057846041-2
Saul;Elton;00483-19034 2
Sauvageau;Alva;045-5177 0
Saviano;Roni;07-09635-16
Savin;Britt;001-5813 0
Sawyers;Van;0876 079-80 53
Scahill;Rupert;0856-90 58-0
Scarola;Coleman;08651-980 36-12
Scarth;Silas;053618 0370517
Schaefer;Diego;056872 42-25
Schalow;Lee;08659331-0
Scharp;Violet;01237-704-56 07
Scheidel;Donald;048-327-217
Schepp;Norbert;039-052-395
Schertz;Tu;046950640 35 35
Schieler;Elbert;0872-20 1-73
Schlag;Leta;023-176 35-83
Schleuder;Lorenzo;00592-284-205
Schlotzhauer;Numbers;0492781-8 59
Schmeeckle;Dagmar;05214-721-2004
Schnakenberg;Russ;009671 89 64
Schorr;Jonathon;010246-0119
Schrauder;Malik;0267046857-7
Schuch;Kip;04 672142
Schulweis;Nicky;034791-975 3739
Schurg;Kraig;0280 794-850
Schwiebert;Domenic;026017054 1 79
Sciarra;Vito;0058 13486
Scoggan;Karissa;023 4059632
Scovell;Gemma;070235 469 754
Seabrook;Quincy;0782 949-82
Seaholm;Columbus;0794254 16 2
Search;Antoine;008482665 2
Searing;Donya;07635 32 20
Seawell;Andy;048226859 04
Seegars;Carmelina;080-19063 64
Sego;Joycelyn;0047 403823
Seipel;Arnoldo;0542-35209 83
Seltzer;Ana;097802186-239
Seneca;Oma;07643934 27 95
Serafin;Dewitt;0903-2842 81
Sesma;Rayford;0041669-38 20
Severo;Marlena;05812-9042794
Severs;Jamison;085-031-4296
Sharf;Irena;049062 37461-78
Shark;Reyna;071 862 25-27
Sheeder;Fredrick;0831875036
Sheroan;Darwin;0936-319-6 34
Shew;Francis;05149 625 38-07
Shield;Hilde;0936963-914
Shields;Shalon;053487 314-0501
Shigo;Ty;06278 82319
Shute;Lyle;03041412-64-8
Shuttleworth;Irwin;01608767-9380
Sieloff;Barb;0157 845-4020
Sieracki;Valentine;0473730-352
Sigg;Keneth;0235038 8692
Sivley;Rolando;08053753 20-7
Sloss;Hipolito;007-4968406
Smid;Audrie;03758295-10 32
Smolensky;Jalisa;0396-856-65 65
Smolka;Ellsworth;03458-735 27-03
Smtih;Lance;070-93 2183
Smyth;Ben;0894 38213 4
Sniezek;Novella;0550682 06
Snoddy;Terrence;050737457 03
Socha;Odilia;0120451 32 4
Sours;Lanny;0956-036 5032
Souther;Blake;03208-308-82-20
Spafford;Fumiko;08-04329-48
Spearin;Eileen;04236576-19-3
Speckman;Angle;08467254 63-94
Spilker;Sondra;071 765-53-80
Sporn;Mariano;010942 624 48
Sproule;Jerry;07380 023193
Staff;Jesus;0728931-5365
Stahoski;Hilton;049 826 57
Stalker;Maybelle;098028954824
Standiford;Treasa;067927 16-67
Staniford;Jarrett;090-260-21-27
Stansbery;Salvatore;0571872 985
Staudinger;Sadie;07806-056 62-85
Steadman;Aurelio;0701023-8432
Steenburg;Emile;0208 04506
Steenken;Lezlie;095 851 5-52
Stiltner;Burma;045270031 4053
Stjulian;Nolan;0032516-7-92
Stockfisch;Sol;092409-2 75
Stolarik;Harriet;07489 729-040
Storms;Gerald;06278458908-32
Strande;Lucius;028 98556-20
Strauf;Bo;090 567 4739
Strebeck;Stevie;01306 963 93-60
Strieker;Jed;0608 93880-36
Striplin;Marti;021060278 39
Strupp;Hoyt;028295 09 28
Stuckett;Meridith;048015 07121-30
Suniga;Kelly;0620 34 2037
Suthoff;Sue;00 618-0412
Svoboda;Walton;089 203-58 03
Swanton;Theresia;00214-452 10-71
Swartzwelder;Barbar;096 241 8 13
Swearengen;Quiana;00516-342 18 86
Swecker;Christene;037462-015-03-30
Swire;Jorge;0245 06-0126
Syers;Tyrone;009753-93 06
Syndergaard;Dominique;03756 960-46-01
Szubinski;Elouise;04793 82-18 4
Tafel;Milan;075024 368 75-8
Taliman;Vinita;075364678 81
Teele;Cary;06507 29869 15
Teeter;Sterling;0869 90-83 89
Tessier;Jarvis;023 526 4868
Thai;Johnathon;09356-709-8315
Thayn;Rupert;0681 0158547
Thronton;Arnold;026 693 79-94
Tiboni;Nieves;04018 10-98
Tinner;Jannie;02 01274-95
Tobery;Thora;05607 749296
Tolhurst;Charita;041-016-90 60
Tomasulo;Johnetta;034 176-3858
Toupin;Stacey;083452-73 5 5
Toupin;Twanda;04-68 2784
Tousant;Courtney;0034760409 05
Trammel;Erlinda;049580-08 96
Trapani;Cedrick;013-1074 27
Tressler;Lashell;0962-710-2423
Tricarico;Kurt;0851593-5-70
Trischitta;Lucas;0853-17-7-6
Tritch;Glenn;004 0455-89
Trotman;Latrisha;003597 69170 74
Turchi;Edie;0432-37 20 10
Turli;Gemma;084 571-9818
Turlington;Kimberlee;039 298-72-30
Twedell;Huey;0507-197-0
Ty;Theodore;07814 352-7 85
Tyre;Conchita;02843 97001 70
Ulstad;Charise;03009382 14
Umfleet;Jose;0805845 64-3
Urby;Ty;03 573567
Utter;Kortney;02-654-5916
Valin;Katrina;05617-241-9729
Valle;Idell;048 576-53 71
Valois;Rosario;027139038-9
Valsin;Kim;07165 649-9 68
Vanacore;Nicholas;0943-5146-62
Vandoren;Tianna;0892-4981-6
Vanhofwegen;Jamaal;05362 56 26 92
Vanpoppelen;Yael;06348 708-96 59
Vanvleck;Lindsey;0547-54023-17
Vardaro;Carl;091042-58-48
Varley;Marceline;0467 36183 28
Vela;Del;05398 453 5-86
Velie;Amalia;0233050 4
Velotta;Danyel;08935-508-2-09
Verducci;Charlott;0259 460 36-41
Vernola;Albertina;075-3962-1
Veronesi;Micheal;09564 310-6 4
Voller;Anderson;040507 6432
Voogd;Daisy;040 93 80-19
Vosmus;Lacy;020-834 92
Vue;Bruno;020 1763 14
Wactor;Malcom;0103 845 69 93
Walden;Chana;0745-43263 25
Wallick;Doug;025073-6943-4
Walmer;Stewart;0023886-24-86
Wand;Alexander;05893 256-57 58
Wandel;Rebeca;071652562 1-16
Wardsworth;Stephan;09718-36-5 91
Wascher;Coleman;04350 715-86 21
Waterbury;Virgie;04 5925-74
Wears;Loralee;0650-948-9-05
Wedel;Leanna;0184 425384
Wege;Minda;0197-981 52 71
Wehmann;Alana;0847 74618 63
Wehrman;Voncile;089-9091 24
Weidman;Lashonda;0342 156-5 90
Weimar;Nereida;02652-0-68
Weisenfels;Tracy;06304-62 60
Welte;Desire;085419-7564683
Wengreen;Francoise;018630-1630-4
Westmark;Julio;04186-654 90-74
Wetherby;Palmer;047 6899638
Whitlingum;Nelson;0850 38 71 94
Wilbers;Gilda;02765 5127872
Wilcox;Lashaun;058284 91 40
Willeford;Lindsay;01506921 98-5
Willenbrink;Nestor;078-846-79-94
Willier;Mia;0621 07983-62
Wilmer;Debi;0241-312 194
Winebrenner;Winford;09420 59042-29
Winer;Ward;021 58-61-6
Wisman;Leonel;0745-569-6 90
Wisnieski;Damien;076528 125 34-18
Wojtanowski;Mindy;087-315-65-19
Wortham;Duane;09181370-07
Wraight;Emeline;021 932-14 30
Wyant;Chung;096931-050
Wyrosdick;Leonie;0827 07-4336
Yagues;Mui;075 2739 27
Yamat;Val;03661-01 95
Yamazaki;Eldora;0608-584 92-12
Yearsley;Nita;04631585-86
Yeldell;Antone;09684735-35-65
Yetter;Carol;0812-260 3070
Yiu;Audrie;03095-624829
Zaborski;Jaquelyn;001582-0361
Zari;Arron;031486 70 35
Zieba;Kirstin;0471 86 04 8
Zielinski;Ayana;0753-10-85
Zilnicki;Jc;008975 735 2 08
Zuhlke;Mariela;0625676-15
